temperature_f,foot_traffic,is_weekend,revenue
86.0,400,0,1289.33
72.6,322,1,1107.86
89.3,162,0,937.83
82.9,391,0,1179.03
58.8,225,0,636.28
94.0,225,0,1034.32
85.4,202,0,945.01
86.4,100,0,752.74
60.1,377,1,1063.32
73.0,54,1,750.41
69.8,111,0,618.76
92.1,130,0,888.75
80.8,148,1,959.76
87.9,96,0,786.45
72.7,56,0,593.82
64.1,287,0,726.44
77.2,390,0,1097.98
57.6,92,0,349.57
88.1,154,0,828.4
80.3,227,0,958.65
85.3,375,0,1221.91
69.2,293,0,841.12
93.8,318,0,1142.5
90.7,253,0,949.32
86.1,196,0,905.46
62.8,120,0,630.42
73.7,353,0,1031.3
56.8,332,0,757.22
61.2,58,0,440.0
82.3,301,0,976.66
84.8,79,0,724.21
93.7,309,1,1341.88
68.0,339,0,921.06
69.8,96,0,613.23
73.8,202,1,952.39
62.6,93,0,517.43
60.2,249,1,818.37
74.0,375,0,1086.41
64.1,78,1,701.36
81.8,189,0,826.29
72.5,391,1,1170.99
88.3,155,0,945.53
83.0,96,0,732.35
67.5,221,0,797.65
88.3,228,0,983.9
87.2,282,0,1127.6
70.5,160,0,691.26
66.5,385,1,1135.83
82.3,232,0,998.19
60.6,150,1,687.73
63.0,387,0,898.86
55.3,374,1,956.66
86.5,225,0,993.59
81.6,58,0,603.57
83.2,259,0,1012.4
86.2,244,0,978.85
73.4,102,0,679.71
77.7,272,0,844.63
60.6,345,0,813.24
59.6,87,0,378.24
81.7,303,0,1001.85
73.8,99,1,794.01
77.6,312,1,1142.03
85.6,197,1,1062.56
80.4,52,0,636.43
77.1,389,0,1116.84
77.4,108,0,650.46
67.2,259,0,823.17
56.2,113,0,470.41
72.5,377,0,1050.9
63.6,309,0,848.96
71.3,332,1,1115.46
89.1,201,0,1052.1
64.4,214,0,690.32
57.3,272,1,833.32
66.3,325,1,1002.96
66.7,347,0,879.61
81.5,56,0,612.22
77.3,282,0,915.05
86.4,88,0,765.97
81.6,151,0,819.07
71.3,341,0,969.15
87.6,137,0,826.08
61.7,329,0,869.91
55.9,212,0,618.38
58.6,131,0,493.31
83.9,167,0,831.18
73.5,236,0,857.94
61.5,318,1,972.52
75.0,262,0,835.07
61.1,377,0,895.98
82.9,354,1,1286.28
72.8,314,0,908.61
70.2,261,0,841.49
67.1,151,1,723.51
80.2,194,0,906.85
69.5,91,0,620.42
58.5,181,0,563.4
59.7,375,0,893.44
93.5,199,0,924.1
91.3,89,0,782.85
83.0,278,0,1001.25
65.6,387,0,924.81
93.8,354,1,1435.18
86.2,146,0,933.29
83.7,209,0,870.84
73.0,236,1,946.5
65.9,136,0,604.22
58.9,144,1,737.24
91.1,133,0,843.81
73.2,399,0,1086.86
63.1,311,0,896.55
67.2,345,1,1007.83
78.2,336,0,991.16
62.1,386,1,1057.26
89.3,86,1,929.78
85.3,359,1,1344.6
83.8,73,0,724.77
72.3,216,1,870.6
80.1,258,0,968.82
78.4,175,0,780.2
81.0,101,1,924.48
58.4,117,1,601.2
71.6,339,1,1092.24
56.7,161,0,543.55
74.8,158,0,765.12
68.2,374,1,1147.32
60.8,100,0,412.18
59.1,371,1,1037.22
78.5,373,0,1060.13
61.8,260,0,741.01
92.0,108,0,809.05
78.2,104,0,712.25
68.9,149,0,618.04
78.6,252,1,1019.89
55.9,103,1,603.85
93.3,209,1,1192.77
74.3,90,0,602.04
86.3,239,0,1052.15
58.3,57,0,367.47
74.5,298,0,942.28
74.6,69,1,759.46
92.5,118,0,862.21
77.9,111,1,870.15
73.9,341,1,1126.96
65.7,68,0,473.93
68.3,200,0,774.11
75.8,257,0,853.48
72.6,231,1,871.19
55.9,288,0,767.24
88.1,331,1,1405.67
90.8,188,0,955.39
60.6,340,0,759.73
77.2,161,1,905.48
59.3,395,1,1042.65
81.9,227,1,1065.7
66.2,308,0,811.86
81.4,357,0,1135.48
84.1,328,0,1122.18
85.7,348,0,1090.62
59.3,238,0,696.57
91.6,65,1,1028.81
64.2,223,0,711.78
56.5,113,0,434.01
77.2,362,0,1063.72
69.8,133,0,661.71
88.2,130,0,784.17
87.3,137,0,859.68
67.7,275,1,959.28
93.1,250,0,1166.11
66.6,383,0,966.73
75.6,196,0,867.92
65.2,149,1,711.75
92.4,67,1,982.79
61.6,52,1,579.98
56.8,181,0,518.34
72.4,374,0,1036.9
94.7,233,0,1134.4
90.7,363,0,1219.95
84.9,85,0,678.62
90.6,82,0,809.5
90.7,342,1,1315.3
75.8,87,0,626.41
67.6,68,0,509.94
85.9,191,1,999.07
81.5,374,0,1074.37
69.9,291,0,894.58
58.8,84,1,560.69
84.9,343,0,1030.71
65.5,346,0,936.39
92.5,331,0,1217.39
64.6,366,0,895.65
59.9,134,0,467.13
88.2,393,0,1281.33
61.1,162,0,590.17
62.2,331,0,938.2
79.0,253,0,944.31
90.0,323,0,1180.01
62.9,270,0,753.12
67.4,275,0,853.97
